,States,Count,Week_index
0,CA,691.0,0
1,TX,534.8571428571429,0
2,NY,351.2857142857143,0
3,FL,242.71428571428572,0
4,GA,197.0,0
5,VA,158.71428571428572,0
6,PA,138.42857142857142,0
7,OH,138.28571428571428,0
8,IL,132.42857142857142,0
9,NC,113.57142857142857,0
10,NJ,113.28571428571429,0
11,LA,108.71428571428571,0
12,AL,108.14285714285714,0
13,MD,94.28571428571429,0
14,AZ,83.0,0
15,TN,79.28571428571429,0
16,MA,76.42857142857143,0
17,MI,68.28571428571429,0
18,IN,64.28571428571429,0
19,WA,61.285714285714285,0
20,NV,49.0,0
21,MO,47.857142857142854,0
22,SC,45.0,0
23,CO,43.57142857142857,0
24,WI,41.714285714285715,0
25,KY,41.285714285714285,0
26,OK,40.285714285714285,0
27,CT,35.857142857142854,0
28,OR,35.285714285714285,0
29,IA,29.0,0
30,MN,28.571428571428573,0
31,MS,26.285714285714285,0
32,UT,24.285714285714285,0
33,KS,22.0,0
34,AR,20.714285714285715,0
35,NM,17.714285714285715,0
36,NE,13.428571428571429,0
37,RI,12.857142857142858,0
38,WV,12.285714285714286,0
39,ID,8.0,0
40,ME,7.428571428571429,0
41,NH,6.571428571428571,0
42,VT,5.142857142857143,0
43,SD,4.571428571428571,0
44,DE,4.142857142857143,0
45,MT,3.5714285714285716,0
46,ND,3.2857142857142856,0
47,WY,1.4285714285714286,0
0,CA,531.5714285714286,1
1,TX,461.57142857142856,1
2,NY,298.2857142857143,1
3,FL,222.57142857142858,1
4,GA,174.28571428571428,1
5,VA,138.71428571428572,1
6,PA,114.42857142857143,1
7,IL,111.0,1
8,NJ,104.71428571428571,1
9,OH,103.71428571428571,1
10,LA,95.57142857142857,1
11,NC,95.42857142857143,1
12,AL,90.42857142857143,1
13,MD,82.28571428571429,1
14,AZ,75.28571428571429,1
15,TN,67.85714285714286,1
16,MI,60.285714285714285,1
17,MA,59.57142857142857,1
18,IN,53.285714285714285,1
19,WA,49.142857142857146,1
20,CO,43.714285714285715,1
21,SC,42.42857142857143,1
22,MO,39.857142857142854,1
23,NV,39.0,1
24,KY,37.285714285714285,1
25,OR,35.142857142857146,1
26,OK,30.571428571428573,1
27,CT,30.285714285714285,1
28,MN,27.428571428571427,1
29,IA,26.571428571428573,1
30,WI,25.857142857142858,1
31,MS,24.571428571428573,1
32,KS,21.428571428571427,1
33,AR,19.857142857142858,1
34,UT,16.428571428571427,1
35,NM,13.714285714285714,1
36,WV,11.714285714285714,1
37,NE,11.285714285714286,1
38,RI,9.0,1
39,ID,8.571428571428571,1
40,NH,8.428571428571429,1
41,VT,5.142857142857143,1
42,ME,5.0,1
43,ND,3.5714285714285716,1
44,MT,3.142857142857143,1
45,WY,2.857142857142857,1
46,DE,2.7142857142857144,1
47,SD,2.7142857142857144,1
0,CA,383.42857142857144,2
1,TX,301.2857142857143,2
2,NY,208.0,2
3,FL,153.42857142857142,2
4,GA,124.28571428571429,2
5,VA,87.28571428571429,2
6,IL,80.42857142857143,2
7,PA,77.57142857142857,2
8,OH,73.42857142857143,2
9,NC,72.42857142857143,2
10,AL,71.42857142857143,2
11,LA,67.0,2
12,NJ,65.0,2
13,MD,51.42857142857143,2
14,AZ,50.0,2
15,MA,43.285714285714285,2
16,MI,43.0,2
17,TN,42.285714285714285,2
18,WA,39.285714285714285,2
19,IN,34.714285714285715,2
20,SC,33.714285714285715,2
21,CO,30.857142857142858,2
22,MO,28.571428571428573,2
23,KY,27.0,2
24,NV,26.142857142857142,2
25,CT,24.428571428571427,2
26,OR,24.428571428571427,2
27,WI,21.0,2
28,OK,20.714285714285715,2
29,MN,19.0,2
30,MS,17.714285714285715,2
31,IA,16.285714285714285,2
32,KS,15.714285714285714,2
33,AR,13.571428571428571,2
34,UT,13.285714285714286,2
35,WV,8.428571428571429,2
36,NM,8.0,2
37,ID,7.857142857142857,2
38,NE,6.857142857142857,2
39,NH,6.285714285714286,2
40,RI,5.571428571428571,2
41,DE,3.7142857142857144,2
42,ME,3.5714285714285716,2
43,MT,3.2857142857142856,2
44,VT,2.5714285714285716,2
45,ND,2.4285714285714284,2
46,WY,1.2857142857142858,2
47,SD,1.1428571428571428,2
0,CA,229.28571428571428,3
1,TX,179.85714285714286,3
2,NY,134.57142857142858,3
3,FL,94.57142857142857,3
4,GA,74.14285714285714,3
5,VA,58.57142857142857,3
6,PA,47.57142857142857,3
7,OH,45.42857142857143,3
8,IL,45.285714285714285,3
9,NJ,44.714285714285715,3
10,NC,42.714285714285715,3
11,AL,40.42857142857143,3
12,LA,36.0,3
13,MD,34.142857142857146,3
14,AZ,31.285714285714285,3
15,MA,30.571428571428573,3
16,TN,27.714285714285715,3
17,MI,23.714285714285715,3
18,IN,23.571428571428573,3
19,WA,21.142857142857142,3
20,SC,19.571428571428573,3
21,MO,19.428571428571427,3
22,NV,16.0,3
23,KY,15.857142857142858,3
24,OR,15.714285714285714,3
25,CO,14.428571428571429,3
26,CT,14.428571428571429,3
27,OK,14.428571428571429,3
28,KS,13.571428571428571,3
29,MS,13.285714285714286,3
30,WI,12.285714285714286,3
31,IA,12.0,3
32,MN,10.0,3
33,UT,8.0,3
34,AR,7.142857142857143,3
35,WV,6.142857142857143,3
36,NM,6.142857142857143,3
37,NE,5.714285714285714,3
38,NH,4.571428571428571,3
39,RI,4.571428571428571,3
40,ID,4.428571428571429,3
41,ME,3.0,3
42,VT,2.7142857142857144,3
43,MT,2.2857142857142856,3
44,DE,1.8571428571428572,3
45,WY,1.5714285714285714,3
46,SD,1.1428571428571428,3
47,ND,1.0,3
0,CA,824.8571428571429,4
1,NY,533.0,4
2,TX,451.0,4
3,FL,309.2857142857143,4
4,VA,218.85714285714286,4
5,PA,208.14285714285714,4
6,GA,184.0,4
7,IL,176.42857142857142,4
8,OH,164.14285714285714,4
9,AL,154.0,4
10,NJ,148.28571428571428,4
11,NC,147.57142857142858,4
12,MA,140.71428571428572,4
13,MD,133.14285714285714,4
14,AZ,115.0,4
15,WA,112.42857142857143,4
16,TN,111.85714285714286,4
17,MI,97.85714285714286,4
18,CO,88.0,4
19,NV,81.0,4
20,IN,74.28571428571429,4
21,MO,73.57142857142857,4
22,SC,69.28571428571429,4
23,CT,69.0,4
24,MN,67.28571428571429,4
25,KY,62.57142857142857,4
26,OR,61.285714285714285,4
27,LA,60.714285714285715,4
28,WI,60.42857142857143,4
29,IA,54.285714285714285,4
30,OK,38.42857142857143,4
31,KS,35.285714285714285,4
32,UT,34.714285714285715,4
33,NM,28.857142857142858,4
34,AR,26.714285714285715,4
35,MS,23.142857142857142,4
36,NE,22.857142857142858,4
37,RI,21.0,4
38,NH,19.857142857142858,4
39,WV,15.571428571428571,4
40,ME,15.428571428571429,4
41,ID,15.0,4
42,VT,11.714285714285714,4
43,MT,9.857142857142858,4
44,SD,6.571428571428571,4
45,DE,6.571428571428571,4
46,ND,4.142857142857143,4
47,WY,2.142857142857143,4
0,CA,1028.2857142857142,5
1,NY,634.5714285714286,5
2,TX,540.7142857142857,5
3,FL,365.57142857142856,5
4,VA,286.0,5
5,PA,248.85714285714286,5
6,IL,231.71428571428572,5
7,GA,209.85714285714286,5
8,OH,192.14285714285714,5
9,NJ,191.28571428571428,5
10,NC,176.28571428571428,5
11,MA,169.42857142857142,5
12,MD,169.28571428571428,5
13,AL,159.0,5
14,WA,147.14285714285714,5
15,AZ,135.0,5
16,MI,122.14285714285714,5
17,TN,121.85714285714286,5
18,CO,108.14285714285714,5
19,NV,101.57142857142857,5
20,MO,95.57142857142857,5
21,IN,90.28571428571429,5
22,MN,87.85714285714286,5
23,CT,84.85714285714286,5
24,SC,82.57142857142857,5
25,IA,72.28571428571429,5
26,OR,70.71428571428571,5
27,WI,70.28571428571429,5
28,LA,67.14285714285714,5
29,KY,65.71428571428571,5
30,OK,54.142857142857146,5
31,KS,47.42857142857143,5
32,UT,41.42857142857143,5
33,AR,38.857142857142854,5
34,NM,36.714285714285715,5
35,NE,30.714285714285715,5
36,MS,25.142857142857142,5
37,RI,24.0,5
38,NH,23.714285714285715,5
39,ID,20.142857142857142,5
40,ME,15.428571428571429,5
41,WV,13.285714285714286,5
42,MT,12.714285714285714,5
43,VT,11.285714285714286,5
44,SD,8.857142857142858,5
45,ND,8.857142857142858,5
46,DE,6.285714285714286,5
47,WY,4.571428571428571,5
0,CA,975.4285714285714,6
1,NY,613.1428571428571,6
2,TX,553.0,6
3,FL,328.7142857142857,6
4,VA,269.85714285714283,6
5,PA,238.0,6
6,IL,225.14285714285714,6
7,GA,211.0,6
8,OH,198.57142857142858,6
9,NJ,178.71428571428572,6
10,MA,168.14285714285714,6
11,AL,166.85714285714286,6
12,MD,163.85714285714286,6
13,NC,162.0,6
14,WA,149.28571428571428,6
15,AZ,140.0,6
16,TN,117.0,6
17,MI,107.0,6
18,IN,101.0,6
19,CO,98.0,6
20,NV,89.28571428571429,6
21,MO,88.0,6
22,MN,87.14285714285714,6
23,OR,77.28571428571429,6
24,CT,75.71428571428571,6
25,LA,69.71428571428571,6
26,SC,68.57142857142857,6
27,IA,66.71428571428571,6
28,WI,66.28571428571429,6
29,KY,65.71428571428571,6
30,OK,57.0,6
31,UT,39.285714285714285,6
32,KS,37.285714285714285,6
33,NM,32.142857142857146,6
34,NE,31.857142857142858,6
35,AR,31.428571428571427,6
36,MS,28.714285714285715,6
37,RI,24.285714285714285,6
38,ME,23.428571428571427,6
39,NH,19.571428571428573,6
40,ID,19.285714285714285,6
41,WV,16.714285714285715,6
42,VT,12.0,6
43,MT,10.142857142857142,6
44,SD,9.142857142857142,6
45,DE,8.857142857142858,6
46,ND,5.285714285714286,6
47,WY,3.5714285714285716,6
0,CA,1001.7142857142857,7
1,NY,594.7142857142857,7
2,TX,536.4285714285714,7
3,FL,328.2857142857143,7
4,PA,268.0,7
5,VA,262.85714285714283,7
6,IL,231.14285714285714,7
7,GA,193.0,7
8,OH,179.42857142857142,7
9,NJ,175.14285714285714,7
10,MA,161.0,7
11,MD,160.28571428571428,7
12,AZ,159.28571428571428,7
13,NC,157.14285714285714,7
14,AL,153.57142857142858,7
15,WA,150.42857142857142,7
16,MI,116.14285714285714,7
17,TN,104.57142857142857,7
18,MN,92.85714285714286,7
19,IN,91.71428571428571,7
20,NV,89.14285714285714,7
21,CO,88.57142857142857,7
22,MO,83.85714285714286,7
23,OR,77.28571428571429,7
24,WI,75.71428571428571,7
25,IA,75.71428571428571,7
26,CT,69.0,7
27,LA,67.85714285714286,7
28,SC,63.857142857142854,7
29,KY,62.57142857142857,7
30,OK,44.42857142857143,7
31,UT,41.714285714285715,7
32,KS,40.857142857142854,7
33,AR,35.714285714285715,7
34,NM,34.0,7
35,MS,31.142857142857142,7
36,NE,30.285714285714285,7
37,NH,26.428571428571427,7
38,RI,26.142857142857142,7
39,ME,24.0,7
40,ID,19.714285714285715,7
41,VT,13.285714285714286,7
42,WV,12.285714285714286,7
43,MT,11.142857142857142,7
44,SD,9.428571428571429,7
45,DE,7.285714285714286,7
46,ND,5.714285714285714,7
47,WY,4.142857142857143,7
0,CA,1470.2857142857142,8
1,NY,912.1428571428571,8
2,TX,854.7142857142857,8
3,FL,533.0,8
4,VA,448.7142857142857,8
5,PA,373.7142857142857,8
6,IL,352.2857142857143,8
7,GA,329.7142857142857,8
8,OH,284.0,8
9,NJ,259.57142857142856,8
10,NC,251.14285714285714,8
11,AL,247.85714285714286,8
12,MA,247.42857142857142,8
13,MD,226.71428571428572,8
14,WA,219.85714285714286,8
15,AZ,213.0,8
16,TN,183.28571428571428,8
17,MI,181.42857142857142,8
18,IN,145.57142857142858,8
19,CO,144.57142857142858,8
20,MN,140.85714285714286,8
21,NV,135.85714285714286,8
22,MO,129.0,8
23,CT,117.28571428571429,8
24,WI,112.71428571428571,8
25,SC,110.71428571428571,8
26,LA,102.85714285714286,8
27,OR,100.57142857142857,8
28,KY,97.0,8
29,IA,96.57142857142857,8
30,OK,68.71428571428571,8
31,KS,63.0,8
32,AR,56.857142857142854,8
33,UT,53.714285714285715,8
34,NM,50.0,8
35,MS,47.57142857142857,8
36,RI,46.285714285714285,8
37,NE,38.285714285714285,8
38,NH,37.0,8
39,ID,31.142857142857142,8
40,ME,26.714285714285715,8
41,WV,24.428571428571427,8
42,VT,18.571428571428573,8
43,MT,15.714285714285714,8
44,SD,11.285714285714286,8
45,DE,8.714285714285714,8
46,WY,8.0,8
47,ND,7.571428571428571,8
0,CA,1445.2857142857142,9
1,NY,967.4285714285714,9
2,TX,817.1428571428571,9
3,FL,528.8571428571429,9
4,VA,462.7142857142857,9
5,PA,378.0,9
6,IL,338.2857142857143,9
7,GA,330.42857142857144,9
8,NC,283.2857142857143,9
9,NJ,277.85714285714283,9
10,OH,266.85714285714283,9
11,MA,256.14285714285717,9
12,AL,255.85714285714286,9
13,MD,243.42857142857142,9
14,WA,230.42857142857142,9
15,AZ,216.28571428571428,9
16,MI,174.71428571428572,9
17,TN,168.85714285714286,9
18,MO,156.71428571428572,9
19,CO,149.0,9
20,IN,145.0,9
21,NV,139.42857142857142,9
22,MN,133.42857142857142,9
23,CT,118.0,9
24,OR,111.0,9
25,SC,110.0,9
26,LA,106.28571428571429,9
27,WI,99.57142857142857,9
28,IA,98.57142857142857,9
29,KY,96.28571428571429,9
30,OK,76.85714285714286,9
31,KS,73.0,9
32,AR,59.0,9
33,UT,56.714285714285715,9
34,MS,46.285714285714285,9
35,NE,46.142857142857146,9
36,NM,42.57142857142857,9
37,NH,39.285714285714285,9
38,ID,38.57142857142857,9
39,RI,38.285714285714285,9
40,ME,36.857142857142854,9
41,WV,23.428571428571427,9
42,MT,15.285714285714286,9
43,VT,13.285714285714286,9
44,SD,12.857142857142858,9
45,ND,10.428571428571429,9
46,DE,9.142857142857142,9
47,WY,6.714285714285714,9
0,CA,1191.5714285714287,10
1,NY,774.0,10
2,TX,684.4285714285714,10
3,FL,433.14285714285717,10
4,VA,353.2857142857143,10
5,PA,304.0,10
6,GA,278.57142857142856,10
7,IL,265.85714285714283,10
8,NC,222.57142857142858,10
9,NJ,219.71428571428572,10
10,OH,219.28571428571428,10
11,AL,204.85714285714286,10
12,MD,196.85714285714286,10
13,MA,189.85714285714286,10
14,AZ,187.57142857142858,10
15,WA,167.71428571428572,10
16,TN,161.85714285714286,10
17,MI,127.14285714285714,10
18,CO,119.28571428571429,10
19,NV,118.71428571428571,10
20,IN,113.85714285714286,10
21,MN,110.28571428571429,10
22,MO,109.71428571428571,10
23,LA,106.14285714285714,10
24,SC,94.85714285714286,10
25,CT,84.42857142857143,10
26,OR,80.85714285714286,10
27,KY,76.85714285714286,10
28,WI,76.71428571428571,10
29,IA,75.28571428571429,10
30,KS,62.142857142857146,10
31,OK,61.857142857142854,10
32,AR,45.285714285714285,10
33,MS,43.57142857142857,10
34,UT,43.142857142857146,10
35,NE,35.0,10
36,RI,31.428571428571427,10
37,ME,26.285714285714285,10
38,NH,25.428571428571427,10
39,NM,25.285714285714285,10
40,ID,18.857142857142858,10
41,WV,16.0,10
42,VT,15.0,10
43,MT,13.285714285714286,10
44,SD,9.142857142857142,10
45,ND,7.285714285714286,10
46,DE,6.142857142857143,10
47,WY,5.428571428571429,10
0,CA,1107.4285714285713,11
1,NY,694.8571428571429,11
2,TX,665.4285714285714,11
3,FL,405.57142857142856,11
4,VA,361.42857142857144,11
5,PA,271.42857142857144,11
6,IL,253.42857142857142,11
7,GA,252.85714285714286,11
8,NJ,207.57142857142858,11
9,NC,206.28571428571428,11
10,OH,203.71428571428572,11
11,AZ,201.14285714285714,11
12,AL,183.0,11
13,WA,182.42857142857142,11
14,MA,179.0,11
15,MD,159.85714285714286,11
16,TN,146.85714285714286,11
17,NV,136.42857142857142,11
18,MI,116.14285714285714,11
19,CO,110.85714285714286,11
20,IN,108.57142857142857,11
21,MN,102.14285714285714,11
22,MO,97.71428571428571,11
23,SC,94.28571428571429,11
24,LA,87.57142857142857,11
25,OR,86.71428571428571,11
26,CT,84.0,11
27,IA,79.42857142857143,11
28,WI,75.42857142857143,11
29,KY,73.57142857142857,11
30,OK,58.142857142857146,11
31,UT,55.0,11
32,KS,51.714285714285715,11
33,AR,42.857142857142854,11
34,MS,35.142857142857146,11
35,NE,30.0,11
36,NM,28.428571428571427,11
37,ME,28.0,11
38,RI,27.285714285714285,11
39,NH,23.571428571428573,11
40,ID,19.571428571428573,11
41,WV,16.142857142857142,11
42,VT,15.428571428571429,11
43,SD,11.428571428571429,11
44,MT,10.142857142857142,11
45,ND,6.571428571428571,11
46,DE,6.142857142857143,11
47,WY,5.142857142857143,11
0,CA,1504.0,12
1,TX,1041.4285714285713,12
2,NY,813.0,12
3,FL,585.2857142857143,12
4,VA,419.7142857142857,12
5,AZ,384.2857142857143,12
6,PA,339.7142857142857,12
7,IL,328.14285714285717,12
8,GA,304.42857142857144,12
9,NC,266.2857142857143,12
10,AL,262.7142857142857,12
11,NJ,250.57142857142858,12
12,OH,245.71428571428572,12
13,WA,237.0,12
14,MA,227.85714285714286,12
15,MD,205.0,12
16,TN,176.42857142857142,12
17,MI,162.85714285714286,12
18,NV,147.57142857142858,12
19,MN,141.42857142857142,12
20,IN,132.0,12
21,OR,131.42857142857142,12
22,CO,130.42857142857142,12
23,SC,124.85714285714286,12
24,MO,121.85714285714286,12
25,OK,109.57142857142857,12
26,LA,102.71428571428571,12
27,CT,99.28571428571429,12
28,WI,94.14285714285714,12
29,IA,93.14285714285714,12
30,KY,91.85714285714286,12
31,UT,65.42857142857143,12
32,AR,62.714285714285715,12
33,KS,59.857142857142854,12
34,MS,45.857142857142854,12
35,NM,44.857142857142854,12
36,NE,42.285714285714285,12
37,NH,35.857142857142854,12
38,ME,30.857142857142858,12
39,RI,28.714285714285715,12
40,ID,27.428571428571427,12
41,WV,24.857142857142858,12
42,VT,22.714285714285715,12
43,MT,13.142857142857142,12
44,SD,10.285714285714286,12
45,ND,10.142857142857142,12
46,DE,7.714285714285714,12
47,WY,4.571428571428571,12
0,CA,1860.0,13
1,TX,1318.7142857142858,13
2,NY,972.2857142857143,13
3,FL,798.0,13
4,VA,452.14285714285717,13
5,PA,420.2857142857143,13
6,AZ,394.2857142857143,13
7,IL,391.57142857142856,13
8,GA,365.42857142857144,13
9,NJ,327.85714285714283,13
10,AL,327.42857142857144,13
11,OH,325.14285714285717,13
12,NC,311.2857142857143,13
13,WA,291.0,13
14,MA,284.2857142857143,13
15,MD,250.57142857142858,13
16,TN,227.71428571428572,13
17,MI,193.42857142857142,13
18,CO,179.0,13
19,NV,175.0,13
20,IN,161.14285714285714,13
21,SC,159.42857142857142,13
22,LA,158.14285714285714,13
23,OK,152.57142857142858,13
24,MN,150.28571428571428,13
25,MO,149.14285714285714,13
26,OR,146.71428571428572,13
27,CT,121.42857142857143,13
28,WI,119.42857142857143,13
29,KY,116.57142857142857,13
30,IA,112.0,13
31,UT,96.57142857142857,13
32,KS,89.0,13
33,AR,71.85714285714286,13
34,NM,70.14285714285714,13
35,NE,53.142857142857146,13
36,MS,52.142857142857146,13
37,ME,44.857142857142854,13
38,NH,41.57142857142857,13
39,ID,38.57142857142857,13
40,RI,35.57142857142857,13
41,WV,32.714285714285715,13
42,VT,17.714285714285715,13
43,MT,16.142857142857142,13
44,DE,16.0,13
45,SD,12.142857142857142,13
46,ND,9.571428571428571,13
47,WY,6.857142857142857,13
0,CA,2135.4285714285716,14
1,TX,1657.0,14
2,NY,1042.142857142857,14
3,FL,877.5714285714286,14
4,PA,510.57142857142856,14
5,VA,473.14285714285717,14
6,AZ,434.85714285714283,14
7,GA,426.42857142857144,14
8,IL,417.85714285714283,14
9,AL,398.14285714285717,14
10,OH,370.42857142857144,14
11,NJ,361.57142857142856,14
12,NC,347.42857142857144,14
13,WA,318.2857142857143,14
14,MA,307.0,14
15,TN,283.0,14
16,MD,257.42857142857144,14
17,MI,231.42857142857142,14
18,NV,213.28571428571428,14
19,CO,197.71428571428572,14
20,MN,180.85714285714286,14
21,SC,180.28571428571428,14
22,IN,171.0,14
23,MO,170.14285714285714,14
24,LA,169.0,14
25,OR,159.85714285714286,14
26,WI,136.71428571428572,14
27,IA,135.57142857142858,14
28,CT,133.57142857142858,14
29,OK,131.85714285714286,14
30,KY,121.85714285714286,14
31,KS,106.0,14
32,AR,97.28571428571429,14
33,UT,89.14285714285714,14
34,NM,81.71428571428571,14
35,MS,66.0,14
36,NE,56.42857142857143,14
37,ME,52.142857142857146,14
38,ID,47.285714285714285,14
39,NH,44.285714285714285,14
40,RI,43.0,14
41,WV,40.142857142857146,14
42,MT,21.285714285714285,14
43,VT,18.285714285714285,14
44,SD,16.285714285714285,14
45,ND,13.285714285714286,14
46,DE,12.857142857142858,14
47,WY,9.857142857142858,14
0,CA,2013.5714285714287,15
1,TX,1408.5714285714287,15
2,NY,1024.142857142857,15
3,FL,875.2857142857143,15
4,VA,503.7142857142857,15
5,GA,486.85714285714283,15
6,PA,461.2857142857143,15
7,IL,405.0,15
8,AL,391.2857142857143,15
9,AZ,384.2857142857143,15
10,OH,379.85714285714283,15
11,NJ,370.0,15
12,NC,344.0,15
13,WA,302.14285714285717,15
14,MA,276.2857142857143,15
15,TN,271.57142857142856,15
16,MD,255.71428571428572,15
17,MI,225.28571428571428,15
18,NV,213.28571428571428,15
19,CO,202.71428571428572,15
20,MO,186.57142857142858,15
21,IN,184.71428571428572,15
22,LA,172.85714285714286,15
23,SC,168.14285714285714,15
24,MN,167.28571428571428,15
25,OR,165.0,15
26,WI,141.42857142857142,15
27,KY,134.28571428571428,15
28,IA,134.0,15
29,CT,120.71428571428571,15
30,OK,119.85714285714286,15
31,KS,107.28571428571429,15
32,AR,88.28571428571429,15
33,UT,80.14285714285714,15
34,NM,74.85714285714286,15
35,MS,61.0,15
36,NE,56.857142857142854,15
37,ME,52.0,15
38,NH,50.42857142857143,15
39,WV,41.857142857142854,15
40,ID,40.0,15
41,RI,34.42857142857143,15
42,MT,22.142857142857142,15
43,SD,19.857142857142858,15
44,VT,19.571428571428573,15
45,ND,15.428571428571429,15
46,DE,12.0,15
47,WY,10.857142857142858,15
0,CA,2101.285714285714,16
1,TX,1333.4285714285713,16
2,NY,1016.0,16
3,FL,928.0,16
4,VA,486.85714285714283,16
5,GA,470.42857142857144,16
6,PA,462.14285714285717,16
7,IL,425.7142857142857,16
8,OH,420.42857142857144,16
9,AL,415.0,16
10,AZ,402.85714285714283,16
11,NC,359.7142857142857,16
12,NJ,319.7142857142857,16
13,WA,292.7142857142857,16
14,TN,286.7142857142857,16
15,MD,284.0,16
16,MA,267.14285714285717,16
17,MI,240.85714285714286,16
18,NV,219.0,16
19,CO,213.57142857142858,16
20,IN,199.71428571428572,16
21,MO,198.85714285714286,16
22,SC,190.0,16
23,LA,190.0,16
24,MN,181.14285714285714,16
25,OR,178.28571428571428,16
26,KY,165.14285714285714,16
27,WI,156.28571428571428,16
28,IA,144.71428571428572,16
29,OK,135.57142857142858,16
30,CT,127.14285714285714,16
31,AR,95.57142857142857,16
32,KS,95.42857142857143,16
33,UT,93.57142857142857,16
34,NM,80.28571428571429,16
35,MS,67.0,16
36,NH,54.285714285714285,16
37,ME,54.285714285714285,16
38,NE,53.142857142857146,16
39,ID,50.714285714285715,16
40,RI,46.42857142857143,16
41,WV,42.857142857142854,16
42,MT,24.428571428571427,16
43,VT,22.428571428571427,16
44,SD,18.142857142857142,16
45,DE,14.571428571428571,16
46,ND,12.857142857142858,16
47,WY,12.142857142857142,16
0,CA,1891.2857142857142,17
1,TX,1249.857142857143,17
2,NY,1025.857142857143,17
3,FL,794.5714285714286,17
4,VA,516.7142857142857,17
5,GA,505.7142857142857,17
6,PA,495.2857142857143,17
7,IL,426.57142857142856,17
8,OH,378.2857142857143,17
9,AL,360.14285714285717,17
10,AZ,337.57142857142856,17
11,NC,329.7142857142857,17
12,NJ,312.14285714285717,17
13,WA,294.85714285714283,17
14,MD,290.57142857142856,17
15,MA,276.7142857142857,17
16,TN,257.7142857142857,17
17,NV,223.28571428571428,17
18,MI,222.42857142857142,17
19,MO,217.71428571428572,17
20,IN,211.57142857142858,17
21,CO,204.85714285714286,17
22,MN,191.71428571428572,17
23,SC,171.28571428571428,17
24,KY,167.0,17
25,LA,162.14285714285714,17
26,OR,155.28571428571428,17
27,WI,149.71428571428572,17
28,IA,145.14285714285714,17
29,OK,140.57142857142858,17
30,CT,135.85714285714286,17
31,KS,107.28571428571429,17
32,AR,83.0,17
33,UT,81.57142857142857,17
34,MS,81.28571428571429,17
35,NM,77.14285714285714,17
36,NE,58.714285714285715,17
37,ME,54.0,17
38,ID,46.0,17
39,NH,45.285714285714285,17
40,WV,38.57142857142857,17
41,RI,36.57142857142857,17
42,VT,21.857142857142858,17
43,MT,20.142857142857142,17
44,WY,19.857142857142858,17
45,SD,18.0,17
46,ND,15.571428571428571,17
47,DE,12.571428571428571,17
0,CA,1867.142857142857,18
1,TX,1119.4285714285713,18
2,NY,1005.8571428571429,18
3,FL,769.7142857142857,18
4,VA,497.7142857142857,18
5,PA,464.7142857142857,18
6,GA,431.2857142857143,18
7,IL,418.85714285714283,18
8,OH,369.85714285714283,18
9,AL,352.0,18
10,NC,346.0,18
11,NJ,325.2857142857143,18
12,AZ,320.2857142857143,18
13,WA,301.0,18
14,MD,294.57142857142856,18
15,MA,270.14285714285717,18
16,TN,270.14285714285717,18
17,NV,217.57142857142858,18
18,MI,212.0,18
19,IN,196.71428571428572,18
20,CO,191.57142857142858,18
21,MO,186.42857142857142,18
22,MN,181.28571428571428,18
23,SC,159.0,18
24,LA,157.0,18
25,KY,155.0,18
26,OR,144.57142857142858,18
27,WI,144.0,18
28,CT,132.0,18
29,IA,123.71428571428571,18
30,OK,121.0,18
31,KS,96.71428571428571,18
32,AR,85.42857142857143,18
33,MS,76.71428571428571,18
34,UT,75.71428571428571,18
35,NM,69.0,18
36,NE,65.71428571428571,18
37,ME,43.857142857142854,18
38,RI,43.285714285714285,18
39,WV,41.57142857142857,18
40,ID,41.0,18
41,NH,37.42857142857143,18
42,MT,27.285714285714285,18
43,SD,22.285714285714285,18
44,VT,20.285714285714285,18
45,ND,19.142857142857142,18
46,DE,14.142857142857142,18
47,WY,8.857142857142858,18
0,CA,1832.7142857142858,19
1,TX,1084.857142857143,19
2,NY,1004.7142857142857,19
3,FL,779.8571428571429,19
4,VA,496.14285714285717,19
5,PA,488.85714285714283,19
6,GA,460.42857142857144,19
7,IL,444.2857142857143,19
8,OH,387.0,19
9,AL,344.14285714285717,19
10,NC,340.42857142857144,19
11,NJ,325.14285714285717,19
12,WA,322.2857142857143,19
13,AZ,318.14285714285717,19
14,MA,305.57142857142856,19
15,MD,298.0,19
16,TN,277.42857142857144,19
17,NV,222.85714285714286,19
18,MI,208.28571428571428,19
19,IN,203.85714285714286,19
20,CO,202.85714285714286,19
21,MO,194.85714285714286,19
22,MN,181.85714285714286,19
23,WI,170.71428571428572,19
24,SC,164.71428571428572,19
25,OR,163.57142857142858,19
26,KY,161.71428571428572,19
27,LA,160.0,19
28,IA,144.85714285714286,19
29,CT,130.42857142857142,19
30,OK,123.71428571428571,19
31,KS,95.28571428571429,19
32,UT,90.14285714285714,19
33,AR,80.0,19
34,MS,79.0,19
35,NE,60.857142857142854,19
36,NM,60.857142857142854,19
37,ME,51.57142857142857,19
38,NH,47.142857142857146,19
39,RI,44.285714285714285,19
40,ID,36.714285714285715,19
41,WV,35.857142857142854,19
42,MT,30.0,19
43,VT,20.857142857142858,19
44,SD,18.0,19
45,ND,15.428571428571429,19
46,DE,12.857142857142858,19
47,WY,9.714285714285714,19
0,CA,1882.142857142857,20
1,TX,1077.4285714285713,20
2,NY,1051.7142857142858,20
3,FL,771.1428571428571,20
4,VA,530.2857142857143,20
5,PA,489.57142857142856,20
6,IL,483.85714285714283,20
7,OH,481.57142857142856,20
8,GA,471.14285714285717,20
9,NC,381.57142857142856,20
10,AL,367.85714285714283,20
11,NJ,344.57142857142856,20
12,AZ,336.85714285714283,20
13,WA,323.0,20
14,MA,305.0,20
15,TN,293.2857142857143,20
16,MD,288.2857142857143,20
17,IN,235.71428571428572,20
18,MI,229.85714285714286,20
19,CO,209.85714285714286,20
20,NV,202.85714285714286,20
21,MO,194.14285714285714,20
22,MN,193.42857142857142,20
23,KY,170.71428571428572,20
24,SC,162.42857142857142,20
25,WI,161.57142857142858,20
26,OR,159.42857142857142,20
27,LA,156.71428571428572,20
28,IA,140.14285714285714,20
29,OK,129.14285714285714,20
30,CT,127.57142857142857,20
31,KS,104.71428571428571,20
32,UT,92.14285714285714,20
33,AR,89.57142857142857,20
34,NE,85.85714285714286,20
35,MS,82.14285714285714,20
36,NM,69.14285714285714,20
37,ME,59.57142857142857,20
38,WV,52.57142857142857,20
39,RI,51.857142857142854,20
40,NH,45.0,20
41,ID,44.0,20
42,SD,25.285714285714285,20
43,VT,23.285714285714285,20
44,MT,20.857142857142858,20
45,WY,19.428571428571427,20
46,ND,17.571428571428573,20
47,DE,11.571428571428571,20
0,CA,1841.2857142857142,21
1,TX,1026.857142857143,21
2,NY,1014.7142857142857,21
3,FL,695.5714285714286,21
4,VA,463.57142857142856,21
5,GA,443.85714285714283,21
6,PA,427.57142857142856,21
7,IL,414.42857142857144,21
8,OH,388.0,21
9,NC,367.14285714285717,21
10,NJ,328.0,21
11,AL,324.57142857142856,21
12,MA,298.0,21
13,AZ,296.2857142857143,21
14,WA,280.14285714285717,21
15,MD,264.85714285714283,21
16,TN,256.85714285714283,21
17,MI,212.85714285714286,21
18,NV,204.28571428571428,21
19,IN,197.0,21
20,CO,189.0,21
21,MO,188.14285714285714,21
22,MN,160.14285714285714,21
23,LA,159.71428571428572,21
24,KY,147.28571428571428,21
25,OR,144.28571428571428,21
26,SC,143.42857142857142,21
27,IA,141.0,21
28,WI,139.71428571428572,21
29,OK,128.57142857142858,21
30,CT,125.0,21
31,KS,104.85714285714286,21
32,UT,80.57142857142857,21
33,MS,79.71428571428571,21
34,AR,79.42857142857143,21
35,NE,70.42857142857143,21
36,WV,70.42857142857143,21
37,NM,56.0,21
38,ME,53.42857142857143,21
39,RI,48.285714285714285,21
40,NH,43.142857142857146,21
41,ID,38.57142857142857,21
42,VT,23.857142857142858,21
43,MT,23.428571428571427,21
44,SD,20.142857142857142,21
45,WY,15.285714285714286,21
46,ND,14.0,21
47,DE,13.714285714285714,21
0,CA,1591.5714285714287,22
1,NY,956.8571428571429,22
2,TX,902.8571428571429,22
3,FL,553.2857142857143,22
4,VA,411.85714285714283,22
5,PA,392.57142857142856,22
6,GA,370.57142857142856,22
7,IL,370.2857142857143,22
8,OH,353.7142857142857,22
9,NC,307.85714285714283,22
10,AL,295.57142857142856,22
11,NJ,292.0,22
12,TN,242.42857142857142,22
13,MD,241.28571428571428,22
14,MA,240.57142857142858,22
15,AZ,238.57142857142858,22
16,WA,238.14285714285714,22
17,MI,190.28571428571428,22
18,IN,177.85714285714286,22
19,CO,176.85714285714286,22
20,MO,171.28571428571428,22
21,NV,169.42857142857142,22
22,MN,157.57142857142858,22
23,LA,156.42857142857142,22
24,SC,127.71428571428571,22
25,OR,123.85714285714286,22
26,WI,122.0,22
27,KY,119.85714285714286,22
28,IA,119.42857142857143,22
29,CT,119.0,22
30,OK,98.57142857142857,22
31,KS,92.28571428571429,22
32,MS,78.71428571428571,22
33,UT,76.0,22
34,AR,65.71428571428571,22
35,NE,59.857142857142854,22
36,ME,50.857142857142854,22
37,NM,49.0,22
38,WV,43.285714285714285,22
39,NH,42.0,22
40,ID,41.57142857142857,22
41,RI,41.42857142857143,22
42,MT,26.142857142857142,22
43,SD,24.571428571428573,22
44,VT,21.571428571428573,22
45,ND,15.142857142857142,22
46,WY,14.285714285714286,22
47,DE,9.714285714285714,22
0,CA,1577.857142857143,23
1,NY,928.7142857142857,23
2,TX,907.1428571428571,23
3,FL,585.7142857142857,23
4,VA,448.14285714285717,23
5,PA,419.85714285714283,23
6,IL,382.7142857142857,23
7,GA,340.7142857142857,23
8,OH,329.0,23
9,NC,303.2857142857143,23
10,NJ,284.57142857142856,23
11,AL,275.85714285714283,23
12,WA,263.42857142857144,23
13,AZ,263.0,23
14,MD,257.57142857142856,23
15,MA,243.71428571428572,23
16,TN,236.0,23
17,MI,196.85714285714286,23
18,IN,193.71428571428572,23
19,NV,181.57142857142858,23
20,MO,172.57142857142858,23
21,MN,168.71428571428572,23
22,CO,168.57142857142858,23
23,IA,158.0,23
24,LA,134.85714285714286,23
25,SC,132.14285714285714,23
26,WI,130.57142857142858,23
27,CT,126.85714285714286,23
28,OR,125.0,23
29,KY,116.85714285714286,23
30,OK,107.14285714285714,23
31,KS,97.57142857142857,23
32,AR,72.42857142857143,23
33,UT,68.42857142857143,23
34,NE,64.0,23
35,MS,63.714285714285715,23
36,ME,54.714285714285715,23
37,NM,48.857142857142854,23
38,NH,44.142857142857146,23
39,WV,38.142857142857146,23
40,RI,36.714285714285715,23
41,ID,32.285714285714285,23
42,SD,27.285714285714285,23
43,MT,24.428571428571427,23
44,VT,19.428571428571427,23
45,ND,14.142857142857142,23
46,DE,9.714285714285714,23
47,WY,8.714285714285714,23
0,CA,1593.7142857142858,24
1,NY,926.4285714285714,24
2,TX,869.8571428571429,24
3,FL,543.2857142857143,24
4,PA,404.57142857142856,24
5,VA,399.2857142857143,24
6,IL,343.0,24
7,GA,340.57142857142856,24
8,OH,288.42857142857144,24
9,NC,285.14285714285717,24
10,NJ,257.14285714285717,24
11,AL,256.57142857142856,24
12,WA,243.57142857142858,24
13,AZ,239.28571428571428,24
14,MA,229.71428571428572,24
15,MD,216.57142857142858,24
16,TN,216.0,24
17,MO,167.0,24
18,MI,165.85714285714286,24
19,NV,164.28571428571428,24
20,MN,153.85714285714286,24
21,CO,144.0,24
22,LA,141.85714285714286,24
23,SC,132.57142857142858,24
24,OR,130.85714285714286,24
25,IN,128.85714285714286,24
26,WI,117.57142857142857,24
27,IA,115.14285714285714,24
28,KY,112.0,24
29,CT,105.0,24
30,OK,94.85714285714286,24
31,KS,88.85714285714286,24
32,AR,67.28571428571429,24
33,UT,62.285714285714285,24
34,MS,59.142857142857146,24
35,NM,50.57142857142857,24
36,NE,50.285714285714285,24
37,ME,47.285714285714285,24
38,WV,45.57142857142857,24
39,NH,41.714285714285715,24
40,RI,27.714285714285715,24
41,ID,27.571428571428573,24
42,SD,26.857142857142858,24
43,MT,24.285714285714285,24
44,VT,16.857142857142858,24
45,DE,12.571428571428571,24
46,ND,12.285714285714286,24
47,WY,7.285714285714286,24
0,CA,1718.142857142857,25
1,NY,987.2857142857143,25
2,TX,905.1428571428571,25
3,FL,612.2857142857143,25
4,VA,449.85714285714283,25
5,PA,433.0,25
6,IL,401.42857142857144,25
7,GA,336.2857142857143,25
8,OH,328.57142857142856,25
9,WA,321.14285714285717,25
10,NC,307.0,25
11,NJ,301.14285714285717,25
12,AL,280.14285714285717,25
13,AZ,261.7142857142857,25
14,MD,256.57142857142856,25
15,MA,250.14285714285714,25
16,TN,226.0,25
17,MI,220.42857142857142,25
18,NV,211.57142857142858,25
19,CO,190.71428571428572,25
20,MN,178.71428571428572,25
21,OR,178.28571428571428,25
22,MO,167.0,25
23,IN,166.28571428571428,25
24,WI,149.42857142857142,25
25,LA,134.57142857142858,25
26,KY,132.85714285714286,25
27,SC,127.42857142857143,25
28,IA,122.42857142857143,25
29,CT,117.42857142857143,25
30,OK,115.0,25
31,KS,109.42857142857143,25
32,UT,78.57142857142857,25
33,AR,74.42857142857143,25
34,NM,70.85714285714286,25
35,NE,63.0,25
36,WV,61.0,25
37,MS,57.42857142857143,25
38,ME,53.714285714285715,25
39,NH,44.714285714285715,25
40,ID,35.0,25
41,RI,34.285714285714285,25
42,SD,24.857142857142858,25
43,MT,22.142857142857142,25
44,VT,17.857142857142858,25
45,ND,14.857142857142858,25
46,DE,13.428571428571429,25
47,WY,7.285714285714286,25
0,CA,1361.5714285714287,26
1,NY,809.2857142857143,26
2,TX,787.0,26
3,FL,498.14285714285717,26
4,VA,375.7142857142857,26
5,PA,331.57142857142856,26
6,IL,305.42857142857144,26
7,OH,283.0,26
8,GA,270.57142857142856,26
9,NC,257.57142857142856,26
10,WA,250.57142857142858,26
11,NJ,239.42857142857142,26
12,AL,223.71428571428572,26
13,AZ,219.28571428571428,26
14,MA,213.85714285714286,26
15,TN,203.57142857142858,26
16,MD,196.14285714285714,26
17,MI,167.14285714285714,26
18,CO,157.0,26
19,NV,155.14285714285714,26
20,MN,155.0,26
21,MO,147.57142857142858,26
22,OR,126.42857142857143,26
23,IN,124.57142857142857,26
24,WI,113.0,26
25,KY,111.57142857142857,26
26,LA,108.57142857142857,26
27,OK,101.28571428571429,26
28,SC,98.57142857142857,26
29,CT,96.57142857142857,26
30,IA,93.28571428571429,26
31,UT,85.42857142857143,26
32,KS,74.71428571428571,26
33,AR,58.857142857142854,26
34,NM,49.142857142857146,26
35,MS,45.57142857142857,26
36,NE,45.0,26
37,ME,39.285714285714285,26
38,RI,38.57142857142857,26
39,WV,35.142857142857146,26
40,NH,33.285714285714285,26
41,ID,30.714285714285715,26
42,SD,22.714285714285715,26
43,MT,17.857142857142858,26
44,VT,14.428571428571429,26
45,ND,13.428571428571429,26
46,DE,8.0,26
47,WY,6.285714285714286,26
0,CA,1236.0,27
1,NY,807.8571428571429,27
2,TX,712.2857142857143,27
3,FL,520.8571428571429,27
4,VA,373.2857142857143,27
5,PA,329.42857142857144,27
6,IL,284.85714285714283,27
7,GA,269.85714285714283,27
8,NC,269.0,27
9,OH,252.85714285714286,27
10,AL,250.0,27
11,NJ,239.71428571428572,27
12,MA,212.14285714285714,27
13,WA,199.14285714285714,27
14,AZ,196.42857142857142,27
15,TN,192.71428571428572,27
16,MD,175.85714285714286,27
17,MI,149.0,27
18,CO,147.0,27
19,NV,146.57142857142858,27
20,MN,145.71428571428572,27
21,MO,139.0,27
22,IN,119.57142857142857,27
23,LA,114.28571428571429,27
24,OR,111.0,27
25,WI,103.71428571428571,27
26,SC,101.28571428571429,27
27,CT,93.14285714285714,27
28,OK,89.85714285714286,27
29,KY,89.42857142857143,27
30,IA,86.42857142857143,27
31,KS,69.0,27
32,UT,68.14285714285714,27
33,AR,57.714285714285715,27
34,MS,49.714285714285715,27
35,NM,46.0,27
36,NE,42.857142857142854,27
37,RI,34.285714285714285,27
38,ME,32.142857142857146,27
39,WV,27.571428571428573,27
40,ID,27.142857142857142,27
41,SD,27.0,27
42,NH,26.285714285714285,27
43,MT,19.142857142857142,27
44,ND,11.714285714285714,27
45,VT,10.428571428571429,27
46,DE,8.428571428571429,27
47,WY,5.428571428571429,27
0,CA,1997.7142857142858,28
1,NY,1207.0,28
2,TX,957.0,28
3,FL,685.8571428571429,28
4,VA,582.7142857142857,28
5,PA,543.4285714285714,28
6,IL,423.0,28
7,GA,374.85714285714283,28
8,NJ,360.0,28
9,WA,359.2857142857143,28
10,OH,357.0,28
11,NC,342.85714285714283,28
12,AZ,334.85714285714283,28
13,MA,320.14285714285717,28
14,MD,317.14285714285717,28
15,AL,306.2857142857143,28
16,TN,240.28571428571428,28
17,MI,235.0,28
18,CO,222.28571428571428,28
19,MN,199.28571428571428,28
20,OR,198.0,28
21,MO,195.28571428571428,28
22,NV,181.71428571428572,28
23,IN,174.14285714285714,28
24,WI,172.57142857142858,28
25,CT,153.85714285714286,28
26,SC,146.0,28
27,LA,133.28571428571428,28
28,IA,126.14285714285714,28
29,KY,124.85714285714286,28
30,OK,109.0,28
31,UT,98.42857142857143,28
32,KS,97.14285714285714,28
33,AR,80.0,28
34,NM,72.57142857142857,28
35,ME,58.142857142857146,28
36,NH,56.142857142857146,28
37,RI,55.142857142857146,28
38,MS,54.142857142857146,28
39,NE,54.0,28
40,ID,41.714285714285715,28
41,WV,38.142857142857146,28
42,MT,31.285714285714285,28
43,SD,27.142857142857142,28
44,DE,18.0,28
45,ND,17.285714285714285,28
46,VT,16.857142857142858,28
47,WY,11.142857142857142,28
0,CA,1561.4285714285713,29
1,NY,963.4285714285714,29
2,TX,855.1428571428571,29
3,FL,590.2857142857143,29
4,VA,468.7142857142857,29
5,PA,419.0,29
6,IL,352.2857142857143,29
7,GA,334.57142857142856,29
8,OH,325.57142857142856,29
9,AL,309.7142857142857,29
10,WA,303.57142857142856,29
11,NC,293.0,29
12,NJ,274.57142857142856,29
13,AZ,271.85714285714283,29
14,MA,268.57142857142856,29
15,MD,227.85714285714286,29
16,TN,221.85714285714286,29
17,MI,195.71428571428572,29
18,MO,182.85714285714286,29
19,MN,180.14285714285714,29
20,CO,174.71428571428572,29
21,NV,165.42857142857142,29
22,OR,155.14285714285714,29
23,IN,153.57142857142858,29
24,WI,144.71428571428572,29
25,CT,120.85714285714286,29
26,IA,118.0,29
27,KY,115.57142857142857,29
28,SC,115.42857142857143,29
29,LA,114.28571428571429,29
30,OK,102.85714285714286,29
31,KS,90.28571428571429,29
32,UT,87.85714285714286,29
33,AR,76.28571428571429,29
34,NM,71.28571428571429,29
35,NE,60.42857142857143,29
36,MS,50.57142857142857,29
37,NH,42.857142857142854,29
38,RI,42.0,29
39,ME,40.142857142857146,29
40,WV,35.0,29
41,SD,32.42857142857143,29
42,ID,29.142857142857142,29
43,MT,26.0,29
44,VT,18.0,29
45,ND,16.571428571428573,29
46,DE,13.285714285714286,29
47,WY,11.285714285714286,29
0,CA,1319.5714285714287,30
1,TX,811.7142857142857,30
2,NY,801.0,30
3,FL,544.1428571428571,30
4,VA,374.2857142857143,30
5,PA,366.0,30
6,IL,344.0,30
7,GA,308.85714285714283,30
8,OH,300.57142857142856,30
9,NC,280.14285714285717,30
10,AL,269.14285714285717,30
11,AZ,251.85714285714286,30
12,MA,242.14285714285714,30
13,NJ,235.0,30
14,WA,233.71428571428572,30
15,MD,219.85714285714286,30
16,TN,206.42857142857142,30
17,MI,177.28571428571428,30
18,CO,167.14285714285714,30
19,NV,165.14285714285714,30
20,MO,164.0,30
21,IN,160.0,30
22,MN,152.28571428571428,30
23,WI,141.85714285714286,30
24,OR,128.71428571428572,30
25,SC,107.71428571428571,30
26,IA,107.57142857142857,30
27,KY,106.28571428571429,30
28,LA,105.28571428571429,30
29,CT,100.71428571428571,30
30,OK,94.14285714285714,30
31,KS,66.57142857142857,30
32,NM,63.857142857142854,30
33,UT,57.285714285714285,30
34,AR,55.0,30
35,NE,54.857142857142854,30
36,MS,52.142857142857146,30
37,NH,48.0,30
38,ME,44.857142857142854,30
39,RI,40.0,30
40,WV,31.142857142857142,30
41,ID,27.0,30
42,SD,26.285714285714285,30
43,MT,21.428571428571427,30
44,ND,21.142857142857142,30
45,VT,15.571428571428571,30
46,WY,12.571428571428571,30
47,DE,5.857142857142857,30
0,CA,1712.857142857143,31
1,NY,1072.7142857142858,31
2,TX,1061.142857142857,31
3,FL,651.7142857142857,31
4,VA,504.14285714285717,31
5,PA,501.2857142857143,31
6,IL,485.2857142857143,31
7,OH,389.7142857142857,31
8,NC,372.42857142857144,31
9,GA,370.42857142857144,31
10,MA,328.0,31
11,AZ,326.2857142857143,31
12,NJ,324.14285714285717,31
13,WA,318.7142857142857,31
14,AL,301.2857142857143,31
15,MD,274.7142857142857,31
16,TN,259.2857142857143,31
17,MI,249.28571428571428,31
18,CO,244.0,31
19,MN,234.28571428571428,31
20,MO,207.28571428571428,31
21,NV,200.85714285714286,31
22,IN,189.85714285714286,31
23,WI,183.57142857142858,31
24,OR,168.0,31
25,KY,140.57142857142858,31
26,CT,138.0,31
27,LA,136.57142857142858,31
28,SC,135.85714285714286,31
29,IA,132.85714285714286,31
30,OK,106.57142857142857,31
31,UT,100.85714285714286,31
32,KS,99.57142857142857,31
33,AR,96.42857142857143,31
34,NM,78.14285714285714,31
35,NH,73.42857142857143,31
36,NE,65.71428571428571,31
37,ME,53.42857142857143,31
38,RI,50.714285714285715,31
39,MS,45.42857142857143,31
40,ID,44.142857142857146,31
41,WV,39.42857142857143,31
42,SD,37.142857142857146,31
43,MT,34.285714285714285,31
44,ND,21.571428571428573,31
45,VT,20.428571428571427,31
46,WY,16.714285714285715,31
47,DE,9.714285714285714,31
0,CA,1686.7142857142858,32
1,TX,1032.857142857143,32
2,NY,965.5714285714286,32
3,FL,638.5714285714286,32
4,PA,492.14285714285717,32
5,VA,485.0,32
6,IL,456.85714285714283,32
7,OH,408.57142857142856,32
8,GA,375.85714285714283,32
9,NC,335.42857142857144,32
10,WA,322.7142857142857,32
11,MA,311.42857142857144,32
12,NJ,311.0,32
13,AZ,310.2857142857143,32
14,AL,304.7142857142857,32
15,MD,268.7142857142857,32
16,MI,257.2857142857143,32
17,TN,227.57142857142858,32
18,CO,225.14285714285714,32
19,MN,223.57142857142858,32
20,IN,203.14285714285714,32
21,NV,190.57142857142858,32
22,MO,187.0,32
23,WI,169.71428571428572,32
24,OR,160.57142857142858,32
25,CT,151.57142857142858,32
26,KY,145.71428571428572,32
27,LA,136.42857142857142,32
28,SC,135.85714285714286,32
29,IA,130.28571428571428,32
30,UT,107.71428571428571,32
31,OK,104.28571428571429,32
32,KS,87.42857142857143,32
33,AR,79.42857142857143,32
34,NE,73.0,32
35,NM,65.0,32
36,NH,59.857142857142854,32
37,MS,56.0,32
38,ME,56.0,32
39,RI,48.57142857142857,32
40,ID,40.857142857142854,32
41,WV,40.857142857142854,32
42,MT,29.428571428571427,32
43,ND,27.857142857142858,32
44,SD,24.0,32
45,VT,20.0,32
46,WY,19.571428571428573,32
47,DE,9.142857142857142,32
0,CA,1753.857142857143,33
1,NY,1184.4285714285713,33
2,TX,1148.142857142857,33
3,FL,680.8571428571429,33
4,PA,546.2857142857143,33
5,VA,525.5714285714286,33
6,OH,506.7142857142857,33
7,IL,483.42857142857144,33
8,GA,424.14285714285717,33
9,NC,371.2857142857143,33
10,NJ,342.2857142857143,33
11,MD,340.85714285714283,33
12,AL,331.7142857142857,33
13,MA,326.14285714285717,33
14,WA,322.14285714285717,33
15,AZ,319.42857142857144,33
16,TN,268.42857142857144,33
17,MN,264.42857142857144,33
18,IN,261.2857142857143,33
19,MI,253.42857142857142,33
20,CO,251.14285714285714,33
21,MO,200.71428571428572,33
22,NV,199.14285714285714,33
23,WI,187.71428571428572,33
24,OR,180.28571428571428,33
25,LA,173.0,33
26,IA,172.42857142857142,33
27,SC,159.71428571428572,33
28,CT,157.71428571428572,33
29,KY,155.28571428571428,33
30,OK,147.14285714285714,33
31,UT,125.42857142857143,33
32,KS,112.42857142857143,33
33,NE,104.85714285714286,33
34,AR,88.28571428571429,33
35,NM,70.85714285714286,33
36,MS,67.28571428571429,33
37,ME,55.42857142857143,33
38,ID,53.57142857142857,33
39,RI,52.857142857142854,33
40,NH,50.0,33
41,WV,41.142857142857146,33
42,SD,39.142857142857146,33
43,MT,28.714285714285715,33
44,ND,23.0,33
45,VT,18.428571428571427,33
46,WY,16.714285714285715,33
47,DE,9.857142857142858,33
0,CA,2297.0,34
1,NY,1459.5714285714287,34
2,TX,1437.142857142857,34
3,FL,793.2857142857143,34
4,PA,698.8571428571429,34
5,VA,688.5714285714286,34
6,OH,672.8571428571429,34
7,IL,660.7142857142857,34
8,WA,539.1428571428571,34
9,GA,510.2857142857143,34
10,NJ,448.57142857142856,34
11,AL,418.7142857142857,34
12,NC,417.85714285714283,34
13,MI,414.57142857142856,34
14,AZ,405.2857142857143,34
15,MN,396.14285714285717,34
16,MD,369.42857142857144,34
17,MA,354.57142857142856,34
18,TN,341.57142857142856,34
19,CO,330.2857142857143,34
20,IN,306.2857142857143,34
21,NV,287.85714285714283,34
22,MO,281.57142857142856,34
23,OR,266.0,34
24,IA,232.14285714285714,34
25,WI,218.85714285714286,34
26,LA,209.0,34
27,KY,202.85714285714286,34
28,OK,187.28571428571428,34
29,SC,176.85714285714286,34
30,CT,170.0,34
31,NM,141.71428571428572,34
32,KS,140.42857142857142,34
33,NE,122.85714285714286,34
34,UT,120.85714285714286,34
35,AR,112.42857142857143,34
36,MS,88.0,34
37,NH,81.42857142857143,34
38,RI,72.85714285714286,34
39,ID,65.71428571428571,34
40,ME,65.28571428571429,34
41,SD,58.0,34
42,WV,56.0,34
43,MT,33.714285714285715,34
44,ND,33.57142857142857,34
45,VT,29.857142857142858,34
46,WY,18.0,34
47,DE,14.285714285714286,34
0,CA,2322.285714285714,35
1,NY,1331.2857142857142,35
2,TX,1264.2857142857142,35
3,FL,784.7142857142857,35
4,PA,666.0,35
5,VA,630.4285714285714,35
6,IL,572.4285714285714,35
7,OH,562.2857142857143,35
8,GA,471.0,35
9,NJ,424.85714285714283,35
10,AL,421.7142857142857,35
11,NC,412.57142857142856,35
12,WA,403.0,35
13,AZ,393.7142857142857,35
14,MD,373.7142857142857,35
15,MA,346.57142857142856,35
16,MN,326.7142857142857,35
17,MI,317.42857142857144,35
18,TN,306.42857142857144,35
19,CO,305.7142857142857,35
20,IN,279.14285714285717,35
21,NV,261.85714285714283,35
22,MO,236.85714285714286,35
23,OR,233.28571428571428,35
24,SC,200.57142857142858,35
25,LA,199.85714285714286,35
26,WI,195.28571428571428,35
27,KY,189.71428571428572,35
28,OK,173.57142857142858,35
29,IA,165.0,35
30,CT,164.14285714285714,35
31,KS,126.42857142857143,35
32,UT,113.0,35
33,AR,106.57142857142857,35
34,NM,103.85714285714286,35
35,NE,103.28571428571429,35
36,MS,82.14285714285714,35
37,NH,71.71428571428571,35
38,RI,68.0,35
39,ME,61.857142857142854,35
40,ID,55.285714285714285,35
41,WV,48.714285714285715,35
42,SD,43.857142857142854,35
43,MT,28.571428571428573,35
44,ND,23.714285714285715,35
45,VT,23.0,35
46,WY,17.142857142857142,35
47,DE,14.428571428571429,35
0,CA,1753.7142857142858,36
1,NY,1033.857142857143,36
2,TX,1012.1428571428571,36
3,FL,636.8571428571429,36
4,PA,540.7142857142857,36
5,VA,508.2857142857143,36
6,OH,479.2857142857143,36
7,IL,428.85714285714283,36
8,GA,389.85714285714283,36
9,NJ,344.0,36
10,AZ,344.0,36
11,WA,343.42857142857144,36
12,AL,332.57142857142856,36
13,NC,324.2857142857143,36
14,MD,303.85714285714283,36
15,MA,263.14285714285717,36
16,TN,258.42857142857144,36
17,MI,236.85714285714286,36
18,CO,227.71428571428572,36
19,MN,214.71428571428572,36
20,IN,211.0,36
21,NV,199.14285714285714,36
22,MO,184.28571428571428,36
23,LA,172.85714285714286,36
24,OR,172.42857142857142,36
25,KY,147.57142857142858,36
26,WI,144.14285714285714,36
27,IA,130.14285714285714,36
28,OK,129.28571428571428,36
29,CT,127.71428571428571,36
30,SC,125.57142857142857,36
31,KS,86.28571428571429,36
32,NM,80.71428571428571,36
33,AR,76.57142857142857,36
34,UT,74.0,36
35,NH,69.14285714285714,36
36,MS,65.28571428571429,36
37,NE,63.714285714285715,36
38,RI,51.714285714285715,36
39,ME,46.57142857142857,36
40,ID,44.142857142857146,36
41,WV,40.0,36
42,SD,33.57142857142857,36
43,MT,23.571428571428573,36
44,VT,17.857142857142858,36
45,WY,16.142857142857142,36
46,ND,15.428571428571429,36
47,DE,15.0,36
0,CA,2455.285714285714,37
1,NY,1289.2857142857142,37
2,TX,1222.2857142857142,37
3,FL,769.1428571428571,37
4,PA,681.2857142857143,37
5,VA,675.7142857142857,37
6,IL,533.2857142857143,37
7,OH,531.8571428571429,37
8,GA,500.42857142857144,37
9,NC,429.85714285714283,37
10,WA,424.42857142857144,37
11,AZ,421.57142857142856,37
12,NJ,415.0,37
13,AL,387.57142857142856,37
14,MA,348.57142857142856,37
15,MD,320.42857142857144,37
16,TN,314.85714285714283,37
17,MI,305.7142857142857,37
18,CO,273.7142857142857,37
19,MN,264.2857142857143,37
20,IN,261.7142857142857,37
21,NV,221.85714285714286,37
22,OR,217.0,37
23,MO,206.71428571428572,37
24,LA,194.0,37
25,SC,188.71428571428572,37
26,KY,186.42857142857142,37
27,WI,167.85714285714286,37
28,IA,166.85714285714286,37
29,OK,152.28571428571428,37
30,CT,147.42857142857142,37
31,AR,117.85714285714286,37
32,UT,112.42857142857143,37
33,KS,106.14285714285714,37
34,MS,87.14285714285714,37
35,NM,85.14285714285714,37
36,NH,74.42857142857143,37
37,NE,69.85714285714286,37
38,RI,62.857142857142854,37
39,ID,61.57142857142857,37
40,WV,55.714285714285715,37
41,ME,50.714285714285715,37
42,SD,40.857142857142854,37
43,MT,31.857142857142858,37
44,VT,23.714285714285715,37
45,WY,23.0,37
46,ND,22.285714285714285,37
47,DE,17.428571428571427,37
0,CA,2367.714285714286,38
1,TX,1392.857142857143,38
2,NY,1335.2857142857142,38
3,FL,790.5714285714286,38
4,PA,686.2857142857143,38
5,VA,684.5714285714286,38
6,IL,551.7142857142857,38
7,OH,550.2857142857143,38
8,GA,534.0,38
9,NC,442.2857142857143,38
10,AZ,423.7142857142857,38
11,WA,422.2857142857143,38
12,AL,417.14285714285717,38
13,NJ,399.14285714285717,38
14,TN,350.42857142857144,38
15,MA,348.85714285714283,38
16,MD,334.7142857142857,38
17,MI,313.57142857142856,38
18,MN,269.57142857142856,38
19,CO,268.57142857142856,38
20,NV,251.57142857142858,38
21,IN,248.14285714285714,38
22,LA,221.14285714285714,38
23,SC,209.57142857142858,38
24,MO,199.42857142857142,38
25,KY,191.85714285714286,38
26,OR,191.28571428571428,38
27,IA,170.0,38
28,WI,169.85714285714286,38
29,CT,155.14285714285714,38
30,OK,153.42857142857142,38
31,AR,114.0,38
32,KS,102.42857142857143,38
33,UT,101.14285714285714,38
34,MS,95.71428571428571,38
35,NM,79.57142857142857,38
36,NE,76.71428571428571,38
37,RI,66.71428571428571,38
38,NH,66.71428571428571,38
39,ME,57.714285714285715,38
40,WV,57.57142857142857,38
41,ID,55.857142857142854,38
42,MT,35.714285714285715,38
43,SD,33.42857142857143,38
44,VT,17.714285714285715,38
45,ND,16.571428571428573,38
46,WY,16.142857142857142,38
47,DE,12.857142857142858,38
0,CA,2113.5714285714284,39
1,TX,1250.142857142857,39
2,NY,1111.7142857142858,39
3,FL,733.0,39
4,VA,613.5714285714286,39
5,PA,548.5714285714286,39
6,GA,503.7142857142857,39
7,IL,463.57142857142856,39
8,OH,462.42857142857144,39
9,NC,389.7142857142857,39
10,AZ,381.57142857142856,39
11,TN,362.0,39
12,AL,355.85714285714283,39
13,WA,351.0,39
14,NJ,348.0,39
15,MA,316.0,39
16,MD,278.42857142857144,39
17,MI,268.0,39
18,CO,256.42857142857144,39
19,MN,238.28571428571428,39
20,IN,220.0,39
21,NV,206.57142857142858,39
22,MO,199.42857142857142,39
23,OR,183.85714285714286,39
24,SC,179.85714285714286,39
25,LA,175.71428571428572,39
26,IA,166.0,39
27,WI,158.85714285714286,39
28,KY,152.71428571428572,39
29,CT,138.14285714285714,39
30,OK,128.0,39
31,AR,107.57142857142857,39
32,UT,90.42857142857143,39
33,KS,90.0,39
34,NM,72.28571428571429,39
35,MS,71.71428571428571,39
36,NE,64.42857142857143,39
37,NH,63.42857142857143,39
38,ID,53.857142857142854,39
39,ME,53.142857142857146,39
40,RI,47.857142857142854,39
41,WV,45.142857142857146,39
42,SD,25.714285714285715,39
43,MT,25.285714285714285,39
44,VT,23.142857142857142,39
45,DE,14.714285714285714,39
46,ND,13.428571428571429,39
47,WY,11.428571428571429,39
0,CA,1639.7142857142858,40
1,TX,965.1428571428571,40
2,NY,821.7142857142857,40
3,FL,560.1428571428571,40
4,VA,435.85714285714283,40
5,PA,390.2857142857143,40
6,GA,379.0,40
7,OH,378.0,40
8,IL,355.42857142857144,40
9,AL,300.57142857142856,40
10,AZ,269.7142857142857,40
11,NJ,263.42857142857144,40
12,NC,259.42857142857144,40
13,WA,255.71428571428572,40
14,MA,222.85714285714286,40
15,TN,216.71428571428572,40
16,MD,198.28571428571428,40
17,MI,193.0,40
18,CO,174.57142857142858,40
19,IN,167.28571428571428,40
20,MN,160.57142857142858,40
21,NV,150.85714285714286,40
22,LA,148.0,40
23,MO,141.0,40
24,OR,131.0,40
25,SC,129.28571428571428,40
26,KY,118.14285714285714,40
27,WI,118.14285714285714,40
28,CT,116.85714285714286,40
29,IA,114.42857142857143,40
30,OK,97.0,40
31,AR,78.85714285714286,40
32,UT,70.28571428571429,40
33,NM,65.14285714285714,40
34,KS,60.285714285714285,40
35,MS,58.42857142857143,40
36,NH,43.714285714285715,40
37,RI,41.142857142857146,40
38,NE,41.0,40
39,ID,35.42857142857143,40
40,ME,35.0,40
41,WV,32.142857142857146,40
42,MT,20.857142857142858,40
43,VT,19.142857142857142,40
44,SD,15.0,40
45,ND,11.714285714285714,40
46,DE,10.714285714285714,40
47,WY,8.857142857142858,40
0,CA,1642.857142857143,41
1,TX,968.2857142857143,41
2,NY,860.0,41
3,FL,569.0,41
4,VA,433.0,41
5,GA,401.57142857142856,41
6,OH,390.7142857142857,41
7,PA,371.42857142857144,41
8,IL,347.57142857142856,41
9,AL,302.57142857142856,41
10,NC,280.14285714285717,41
11,AZ,275.7142857142857,41
12,WA,265.7142857142857,41
13,NJ,259.0,41
14,TN,221.28571428571428,41
15,MA,205.0,41
16,MD,204.42857142857142,41
17,MI,178.28571428571428,41
18,CO,158.85714285714286,41
19,IN,153.85714285714286,41
20,MN,152.85714285714286,41
21,NV,149.57142857142858,41
22,MO,136.14285714285714,41
23,LA,134.85714285714286,41
24,OR,133.85714285714286,41
25,SC,126.0,41
26,KY,113.14285714285714,41
27,WI,112.14285714285714,41
28,OK,100.57142857142857,41
29,IA,98.85714285714286,41
30,CT,95.71428571428571,41
31,UT,76.85714285714286,41
32,KS,73.0,41
33,AR,72.14285714285714,41
34,MS,53.57142857142857,41
35,NM,51.714285714285715,41
36,NE,50.857142857142854,41
37,NH,42.714285714285715,41
38,RI,41.857142857142854,41
39,WV,40.42857142857143,41
40,ME,35.42857142857143,41
41,ID,35.285714285714285,41
42,MT,21.285714285714285,41
43,VT,18.0,41
44,SD,17.857142857142858,41
45,ND,13.285714285714286,41
46,DE,8.0,41
47,WY,7.142857142857143,41
0,CA,1300.857142857143,42
1,NY,739.2857142857143,42
2,TX,736.7142857142857,42
3,FL,461.85714285714283,42
4,VA,369.57142857142856,42
5,GA,296.14285714285717,42
6,PA,293.57142857142856,42
7,OH,279.0,42
8,IL,264.14285714285717,42
9,AZ,245.71428571428572,42
10,NC,228.71428571428572,42
11,AL,223.14285714285714,42
12,NJ,211.71428571428572,42
13,WA,208.42857142857142,42
14,MA,182.28571428571428,42
15,MD,161.28571428571428,42
16,TN,155.85714285714286,42
17,MI,139.0,42
18,CO,135.0,42
19,IN,133.14285714285714,42
20,MN,124.85714285714286,42
21,LA,113.85714285714286,42
22,NV,109.57142857142857,42
23,MO,107.28571428571429,42
24,SC,107.28571428571429,42
25,OR,101.85714285714286,42
26,OK,93.14285714285714,42
27,WI,92.14285714285714,42
28,KY,88.42857142857143,42
29,IA,87.14285714285714,42
30,CT,83.0,42
31,UT,53.714285714285715,42
32,KS,45.714285714285715,42
33,MS,44.714285714285715,42
34,AR,44.142857142857146,42
35,NH,37.857142857142854,42
36,NM,37.142857142857146,42
37,RI,36.42857142857143,42
38,NE,35.0,42
39,WV,29.0,42
40,ME,27.857142857142858,42
41,ID,20.428571428571427,42
42,VT,15.0,42
43,MT,14.571428571428571,42
44,DE,11.142857142857142,42
45,SD,10.428571428571429,42
46,ND,7.571428571428571,42
47,WY,3.5714285714285716,42
0,CA,1508.857142857143,43
1,TX,841.8571428571429,43
2,NY,784.5714285714286,43
3,FL,499.7142857142857,43
4,VA,439.7142857142857,43
5,IL,335.42857142857144,43
6,PA,334.2857142857143,43
7,GA,323.14285714285717,43
8,OH,285.57142857142856,43
9,NC,284.7142857142857,43
10,AL,247.57142857142858,43
11,AZ,242.28571428571428,43
12,WA,239.28571428571428,43
13,NJ,230.85714285714286,43
14,MA,208.71428571428572,43
15,MD,207.42857142857142,43
16,TN,180.0,43
17,MN,162.42857142857142,43
18,MI,160.0,43
19,IN,149.28571428571428,43
20,CO,138.42857142857142,43
21,MO,130.14285714285714,43
22,LA,129.85714285714286,43
23,OR,127.42857142857143,43
24,NV,126.42857142857143,43
25,SC,117.28571428571429,43
26,KY,112.14285714285714,43
27,WI,103.14285714285714,43
28,IA,97.42857142857143,43
29,CT,93.14285714285714,43
30,OK,89.14285714285714,43
31,UT,64.71428571428571,43
32,AR,54.42857142857143,43
33,KS,52.142857142857146,43
34,NM,46.57142857142857,43
35,MS,46.42857142857143,43
36,NE,44.57142857142857,43
37,RI,37.142857142857146,43
38,ID,31.571428571428573,43
39,NH,30.0,43
40,ME,29.142857142857142,43
41,WV,28.142857142857142,43
42,VT,18.0,43
43,MT,16.857142857142858,43
44,SD,15.142857142857142,43
45,ND,11.285714285714286,43
46,DE,9.0,43
47,WY,5.714285714285714,43
0,CA,1494.4285714285713,44
1,TX,833.8571428571429,44
2,NY,801.0,44
3,FL,560.4285714285714,44
4,VA,449.42857142857144,44
5,GA,360.14285714285717,44
6,PA,352.42857142857144,44
7,IL,349.85714285714283,44
8,OH,315.0,44
9,AZ,272.7142857142857,44
10,AL,262.2857142857143,44
11,NC,258.42857142857144,44
12,NJ,254.71428571428572,44
13,WA,235.71428571428572,44
14,MA,228.42857142857142,44
15,MD,208.28571428571428,44
16,MI,192.0,44
17,TN,182.85714285714286,44
18,MO,155.85714285714286,44
19,NV,152.14285714285714,44
20,MN,147.57142857142858,44
21,CO,141.14285714285714,44
22,IN,139.42857142857142,44
23,OR,122.71428571428571,44
24,LA,119.57142857142857,44
25,SC,116.28571428571429,44
26,KY,109.57142857142857,44
27,WI,106.57142857142857,44
28,CT,100.0,44
29,IA,96.71428571428571,44
30,OK,77.42857142857143,44
31,UT,59.714285714285715,44
32,AR,58.857142857142854,44
33,KS,54.42857142857143,44
34,MS,49.714285714285715,44
35,NM,44.0,44
36,NE,42.857142857142854,44
37,ID,41.857142857142854,44
38,NH,38.0,44
39,RI,34.42857142857143,44
40,WV,33.714285714285715,44
41,ME,30.714285714285715,44
42,MT,18.142857142857142,44
43,VT,16.142857142857142,44
44,SD,15.571428571428571,44
45,WY,11.0,44
46,ND,9.857142857142858,44
47,DE,8.714285714285714,44
0,CA,1316.5714285714287,45
1,NY,813.7142857142857,45
2,TX,753.2857142857143,45
3,FL,473.7142857142857,45
4,VA,404.0,45
5,PA,347.7142857142857,45
6,GA,305.42857142857144,45
7,IL,299.0,45
8,OH,279.7142857142857,45
9,NC,251.42857142857142,45
10,AZ,239.28571428571428,45
11,WA,238.57142857142858,45
12,AL,238.57142857142858,45
13,NJ,238.28571428571428,45
14,MA,200.42857142857142,45
15,MD,192.28571428571428,45
16,NV,174.14285714285714,45
17,TN,172.28571428571428,45
18,MI,171.0,45
19,MN,152.0,45
20,MO,146.42857142857142,45
21,CO,141.57142857142858,45
22,SC,124.85714285714286,45
23,OR,124.42857142857143,45
24,IN,123.42857142857143,45
25,LA,116.42857142857143,45
26,WI,114.71428571428571,45
27,CT,107.28571428571429,45
28,KY,94.71428571428571,45
29,IA,93.14285714285714,45
30,OK,83.28571428571429,45
31,KS,63.0,45
32,UT,55.714285714285715,45
33,AR,53.57142857142857,45
34,NE,50.42857142857143,45
35,MS,43.142857142857146,45
36,NM,41.142857142857146,45
37,ID,35.285714285714285,45
38,NH,35.0,45
39,RI,32.142857142857146,45
40,ME,31.857142857142858,45
41,WV,30.857142857142858,45
42,MT,23.285714285714285,45
43,SD,13.857142857142858,45
44,VT,13.428571428571429,45
45,WY,10.428571428571429,45
46,ND,10.428571428571429,45
47,DE,10.142857142857142,45
0,CA,1195.857142857143,46
1,NY,770.5714285714286,46
2,TX,725.5714285714286,46
3,FL,509.2857142857143,46
4,VA,367.42857142857144,46
5,PA,315.14285714285717,46
6,IL,306.7142857142857,46
7,GA,301.14285714285717,46
8,OH,256.14285714285717,46
9,AL,246.14285714285714,46
10,NC,242.0,46
11,MA,227.0,46
12,WA,221.71428571428572,46
13,NJ,221.14285714285714,46
14,AZ,212.71428571428572,46
15,MD,188.28571428571428,46
16,TN,164.14285714285714,46
17,MI,148.42857142857142,46
18,NV,141.0,46
19,CO,135.42857142857142,46
20,MN,134.85714285714286,46
21,MO,133.28571428571428,46
22,IN,125.0,46
23,IA,120.57142857142857,46
24,LA,118.14285714285714,46
25,SC,109.71428571428571,46
26,OR,108.85714285714286,46
27,KY,104.57142857142857,46
28,WI,98.85714285714286,46
29,CT,85.85714285714286,46
30,OK,76.71428571428571,46
31,KS,60.0,46
32,AR,50.285714285714285,46
33,NE,44.714285714285715,46
34,UT,44.0,46
35,MS,43.0,46
36,NM,36.0,46
37,ID,34.285714285714285,46
38,RI,31.714285714285715,46
39,WV,27.571428571428573,46
40,ME,26.857142857142858,46
41,NH,24.857142857142858,46
42,MT,19.285714285714285,46
43,VT,15.428571428571429,46
44,SD,14.142857142857142,46
45,ND,12.714285714285714,46
46,DE,10.428571428571429,46
47,WY,10.285714285714286,46
0,CA,996.8571428571429,47
1,TX,737.2857142857143,47
2,NY,706.5714285714286,47
3,FL,408.7142857142857,47
4,VA,325.14285714285717,47
5,PA,268.57142857142856,47
6,IL,265.7142857142857,47
7,OH,250.14285714285714,47
8,GA,248.14285714285714,47
9,AL,214.71428571428572,47
10,NC,194.71428571428572,47
11,WA,186.42857142857142,47
12,NJ,185.57142857142858,47
13,MA,181.14285714285714,47
14,AZ,174.0,47
15,MD,157.57142857142858,47
16,TN,144.14285714285714,47
17,MI,124.14285714285714,47
18,MN,117.85714285714286,47
19,CO,111.71428571428571,47
20,NV,111.71428571428571,47
21,MO,108.71428571428571,47
22,IN,102.14285714285714,47
23,LA,99.28571428571429,47
24,OR,91.14285714285714,47
25,KY,85.71428571428571,47
26,SC,80.28571428571429,47
27,IA,79.85714285714286,47
28,CT,76.71428571428571,47
29,WI,72.85714285714286,47
30,OK,61.714285714285715,47
31,AR,49.42857142857143,47
32,KS,45.714285714285715,47
33,UT,44.714285714285715,47
34,NE,41.857142857142854,47
35,MS,40.857142857142854,47
36,NM,33.42857142857143,47
37,ID,32.0,47
38,RI,28.714285714285715,47
39,WV,23.714285714285715,47
40,NH,21.857142857142858,47
41,ME,21.571428571428573,47
42,VT,14.0,47
43,MT,13.0,47
44,SD,11.714285714285714,47
45,DE,8.571428571428571,47
46,ND,8.0,47
47,WY,4.285714285714286,47
0,CA,1076.4285714285713,48
1,TX,699.1428571428571,48
2,NY,681.0,48
3,FL,444.7142857142857,48
4,VA,366.0,48
5,PA,286.42857142857144,48
6,GA,264.2857142857143,48
7,IL,263.14285714285717,48
8,OH,225.42857142857142,48
9,AL,221.42857142857142,48
10,NC,209.0,48
11,NJ,201.85714285714286,48
12,MA,191.14285714285714,48
13,AZ,172.0,48
14,WA,165.28571428571428,48
15,MD,165.0,48
16,TN,153.28571428571428,48
17,NV,140.28571428571428,48
18,MI,132.71428571428572,48
19,MN,124.85714285714286,48
20,CO,119.42857142857143,48
21,IN,111.85714285714286,48
22,MO,104.85714285714286,48
23,OR,98.42857142857143,48
24,CT,93.14285714285714,48
25,SC,87.85714285714286,48
26,LA,87.57142857142857,48
27,KY,85.28571428571429,48
28,WI,85.14285714285714,48
29,IA,73.0,48
30,OK,66.0,48
31,AR,55.42857142857143,48
32,KS,51.42857142857143,48
33,NE,45.142857142857146,48
34,UT,43.42857142857143,48
35,NM,42.42857142857143,48
36,MS,37.142857142857146,48
37,RI,31.857142857142858,48
38,NH,29.857142857142858,48
39,WV,26.857142857142858,48
40,ME,22.285714285714285,48
41,ID,22.0,48
42,VT,12.428571428571429,48
43,MT,12.142857142857142,48
44,SD,11.142857142857142,48
45,ND,9.571428571428571,48
46,DE,6.857142857142857,48
47,WY,6.0,48
0,TX,1295.5714285714287,49
1,CA,1260.4285714285713,49
2,NY,787.2857142857143,49
3,FL,508.57142857142856,49
4,VA,437.0,49
5,PA,330.85714285714283,49
6,IL,318.0,49
7,GA,292.85714285714283,49
8,AL,267.7142857142857,49
9,NC,260.14285714285717,49
10,OH,254.57142857142858,49
11,NJ,248.28571428571428,49
12,MA,222.71428571428572,49
13,AZ,220.71428571428572,49
14,WA,207.42857142857142,49
15,MD,186.0,49
16,TN,172.71428571428572,49
17,MI,165.71428571428572,49
18,CO,156.0,49
19,MN,152.85714285714286,49
20,MO,148.14285714285714,49
21,IN,143.57142857142858,49
22,NV,142.57142857142858,49
23,OR,124.14285714285714,49
24,LA,111.14285714285714,49
25,SC,111.0,49
26,KY,101.42857142857143,49
27,IA,97.57142857142857,49
28,WI,92.57142857142857,49
29,OK,86.85714285714286,49
30,CT,79.71428571428571,49
31,MS,62.42857142857143,49
32,AR,59.0,49
33,KS,58.142857142857146,49
34,UT,57.0,49
35,NM,54.285714285714285,49
36,NE,40.57142857142857,49
37,RI,39.142857142857146,49
38,WV,35.42857142857143,49
39,ME,32.57142857142857,49
40,ID,28.285714285714285,49
41,NH,23.428571428571427,49
42,VT,15.428571428571429,49
43,MT,14.714285714285714,49
44,SD,13.571428571428571,49
45,DE,12.714285714285714,49
46,ND,10.0,49
47,WY,7.0,49
